'fWKvX83p0-ka4JS3dc6E5A','wife','took','birthday','breakfast','excel','weather','perfect','made','sit','outsid','overlook','ground','absolut','pleasur','waitress','excel','food','arriv','quick','semi','busi','saturday','morn','look','like','place','fill','pretti','quick','earlier','get','better','favor','get','bloodi','mari','phenomen','simpli','best','ever','pretti','sure','use','ingredi','garden','blend','fresh','order','amaz','everyth','menu','look','excel','white','truffl','scrambl','egg','veget','skillet','tasti','delici','came','piec','griddl','bread','amaz','absolut','made','meal','complet','best','toast','ever','anyway','wait','go','back'
'IjZ33sJrzXqU-0X6U8NwyA','idea','peopl','give','bad','review','place','goe','show','pleas','everyon','probabl','gripe','someth','fault','mani','peopl','like','case','friend','arriv','pm','past','sunday','pretti','crowd','thought','sunday','even','thought','would','wait','forev','get','seat','said','seat','girl','come','back','seat','someon','els','seat','waiter','came','got','drink','order','everyon','pleasant','host','seat','us','waiter','server','price','good','well','place','order','decid','want','share','bake','spaghetti','calzon','small','beef','pizza','tri','calzon','huge','got','smallest','one','person','got','small','pizza','awesom','friend','like','pizza','better','like','calzon','better','calzon','sweetish','sauc','like','sauc','box','part','pizza','take','home','door','everyth','great','like','bad','review','goe','show','tri','thing','bad','review','serious','issu'
'IESLBzqUCLdSzSqm0eCSxQ','love','gyro','plate','rice','good','also','dig','candi','select'
'G-WvGaISbqqaMHlNnByodA','rosi','dakota','love','chaparr','dog','park','conveni','surround','lot','path','desert','xeriscap','basebal','field','ballpark','lake','duck','scottsdal','park','rec','dept','wonder','job','keep','park','clean','shade','find','trash','can','poopi','pick','mitt','locat','park','path','fenc','area','huge','let','dog','run','play','sniff'
'1uJFq2r5QfJG_6ExMRCaGw','general','manag','scott','petello','good','egg','go','detail','let','assur','issu','albeit','rare','speak','scott','treat','guy','respect','state','case','surpris','walk','total','satisfi','like','alway','say','mistak','inevit','recov','import','thank','scott','awesom','staff','got','custom','life'
'm2CKSsepBCoRYWxiRUsxAg','quiessenc','simpli','put','beauti','full','window','earthi','wooden','wall','give','feel','warmth','insid','restaur','perch','middl','farm','restaur','seem','fair','full','even','tuesday','even','secur','reserv','coupl','day','friend','sampl','sandwich','farm','kitchen','earlier','week','impress','enough','want','eat','restaur','crisp','fresh','veggi','disappoint','order','salad','orang','grapefruit','slice','crudit','start','good','even','know','much','like','raw','radish','turnip','tri','pesto','aioli','sauc','entre','order','lamb','friend','order','pork','shoulder','servic','start','good','trail','quick','wait','food','took','long','time','coupl','seat','us','receiv','finish','entre','receiv','one','bother','explain','situat','maitr','apolog','almost','minut','later','appar','chef','unhappi','sauc','entre','start','anew','realli','problem','communic','us','earlier','troubl','comp','glass','wine','order','forgot','bring','entre','request','also','offer','us','bread','echo','ladi','whisper','us','way','ask','bread','receiv','warm','foccacia','appl','walnut','pomegran','slice','wonder','honey','butter','yum','entre','solid','quit','live','innov','fresh','veget','lamb','sauc','delici','meat','tough','mayb','vegetarian','entre','way','go','dessert','gingerbread','pear','cake','yet','anoth','winner','entre','tad','inspir','servic','spotti','place','definit','would','warrant','five','star','return','like','tri','tast','menu','bill','came','two','peopl','includ','tip','drink'
'riFQ3vxNpP4rWLk_CSri2A','drop','drive','ate','go','back','next','day','food','good','cute','littl','green','build','may','gone','compet','unot','drive','palm','rd','avoid','construct','wait','turn','onto','th','street','grand','open','sign','caught','eye','littl','yelp','soul','leap','joy','new','place','tri','look','desol','outsid','open','door','put','easi','decor','smell','cleanli','insid','order','dinner','two','go','menu','awesom','love','see','varieti','poblano','pepper','mole','mahi','mahi','mushroom','someth','wrap','banana','leav','made','difficult','choos','someth','far','la','condesa','shrimp','burro','baja','sur','dogfish','shark','taco','delici','meal','shrimp','burro','stole','show','much','flavor','snag','bite','hubbi','mole','mahi','mahi','burro','mmmm','delight','salsa','bar','endless','realli','stock','excit','tri','strawberri','salsa','hot','fact','big','wimp','come','hot','pepper','horchata','handmad','delici','throw','pecan','fruit','yummi','bonus','good','food','enough','win','art','restaur','sho','sucker','mexican','folk','art','frida','kahlo','oprah','paint','diego','hang','salsa','bar','amaz','paint','great','love','artist'
'JL7GXJ9u4YMx7Rzs05NfiQ','luckili','travel','far','make','connect','flight','thank','phoenix','brief','layov','pleasant','employe','kind','flight','time','hope','next','time','grace','phoenix','presenc','littl','longer'
'XtnfnYmnJYi71yIuGsXIUA','definit','come','happi','hour','price','amaz','sake','bomber','great','atmospher','wait','staff','incred','nice','right','need','ask','thing','alway','spot','place','get','crowd','even','especi','plan','sit','outsid','wish','one','apollo','beach','brandon'
'jJAIXA46pU1swYyRCdfXtQ','nobuo','show','uniqu','talent','everyth','menu','care','craft','featur','much','drink','start','pork','belli','bun','stout','go','longer'
'E11jzpKz9Kw5K7fuARWfRw','oldish','man','own','store','sweet','perhap','sweeter','cooki','ice','cream','lowdown','giant','ice','cream','cooki','sandwich','super','cheap','flavor','permut','basic','endless','snickerdoodl','cooki','cream','ice','cream','marvel'
'3rPt0LxF7rgmEUrznoH22w','wonder','vietnames','sandwich','shopp','baguett','great','hot','oven','butter','one','mani','sandwich','choic','modest','select','bake','good','along','best','egg','roll','around','bring','cash','atm','card','credit','card','accept','atm','premis'
'cGnKNX3I9rthE0-TH24-qA','limit','time','thing','go','right','bbq','chicken','pizza','sure','long','go','last','let','say','amaz','probabl','best','bbq','chicken','pizza','ever','tri','thing','like','tomato','basil','soup','mani','sandwich','good','fresh','everi','time','star','pizza','rate','jason','deli','would','get'
'FvEEw1_OsrYdvwLV5Hrliw','good','tattoo','shop','clean','space','multipl','artist','choos','book','work','avail','look','though','decid','style','mirror','look','chose','jet','cover','work','design','idea','communic','flow','well','person','guy','friend','keep','convers','go','work','dick','around','read','start','work','continu','job','done','profession','inform','good','custom','servic','combin','talent','craft'
'pfUwBKYYmUXeiwrhDluQcw','week','new','phoenix','look','irish','bar','town','found','rosi','decor','ambienc','outstand','went','wednesday','night','hope','find','friend','folk','exact','happen','ate','dinner','bar','marci','bartend','friend','help','introduc','whole','bunch','peopl','dinner','rueben','sandwich','pretti','larg','good','small','rosi','salad','side','job','wish','made','lettuc','iceburg','bacon','egg','top','help','whole','lot','drank','nice','cold','smithwick','tap','follow','vodka','tonic','whole','tab','basketbal','game','first','got','game','jukebox','play','fabul','mix','best','oldi','around','pm','live','band','play','catch','much','perform','notic','realli','like','singer','voic','rare','sinc','typic','care','femal','vocalist','peopl','spoke','super','nice','welcom','sure','see','bunch','look','forward'
'HvqmdqWcerVWO3Gs6zbrOw','worth','salad','small','pizza','absolut','bad','servic','mayb','guy','grandma','die','know','want','tell','realli','made','mad','experi','order','small','pizza','salad','guy','could','care','less','took','sat','look','around','hmm','sign','say','x','larg','pizza','larg','salad','wow','would','nice','guy','told','us','left','hungri','mad','unsatisfi','owner','teach','employe','valu','upsel','tell','special','someth','small','affect','custom','experi','negat','salad','sever','overpr','go','back','unless','desper'
'HXP_0Ul-FCmA4f-k9CqvaQ','went','saturday','afternoon','place','incred','empti','brunch','special','go','includ','bloodi','mari','mimosa','mood','lunch','except','bloodi','mari','tri','one','came','high','ball','size','glass','boo','realli','tasti','yay','hubbi','rememb','sign','outsid','restaur','week','back','said','arrog','bastard','got','oz','bottl','hey','fair','next','wing','bit','hesit','order','waitress','inform','us','season','sauc','order','hot','ask','crispi','though','waitress','even','ask','cook','throw','back','minut','came','visibl','crispi','non','tradit','wing','actual','pretti','damn','good','season','littl','spici','salti','hint','sweet','mood','tang','kick','frank','hot','sauc','cut','otherwis','good','enough','go','back','entre','tilapia','salad','bit','disappoint','fish','bit','dri','uninspir','green','underneath','overdress','wilt','ate','green','around','fish','pick','almond','mandarin','orang','leav','mush','hide','underneath','fish','bad','enough','say','go','back','anxious','await','next','trip'
'j4SIzrIy0WrmW4yr4--Khg','okay','best','place','ever','grew','shop','one','los','gato','one','oakvill','shock','saw','best','store','world','scottsdal','surpris','good','stuff','chees','wine','tell','happi','store','arizona','could','get','dean','deluca'
'v0cTd3PNpYCkTyGKSpOfGA','met','friend','lunch','yesterday','love','water','featur','patio','walk','warmer','would','definit','sat','outsid','insid','littl','dark','guess','bat','around','remind','dusk','till','dawn','seat','hope','hope','chip','salsa','guess','serv','even','offer','one','menu','probabl','would','declin','anyway','chip','salsa','complimentari','anyhow','order','fresh','snapper','taco','see','pic','lot','fish','smother','pepper','everyth','els','see','get','would','like','tbsp','rice','bean','definit','teaspoon','chees','sour','cream','mayb','lime','lemon','garnish','plate','anyth','good','friend','order','green','chile','stew','green','chile','mac','chees','see','pic','knew','like','tast','macaroni','thought','pretti','good','give','star','go','back','tri','thing'
'a0lCu-j2Sk_kHQsZi_eNgw','gotten','better','better','time','sinc','review','written','last','contact','day','ago','troubl','redeem','groupon','websit','call','custom','servic','wait','minut','spoke','rep','cheer','book','four','separ','flight','patient','manual','enter','groupon','info','one','think','acquisit','republ','help','overal','republ','took','flight','cooki','start','still','tend','suck','ascent','club','like','budget','centric','airlin','get','good','valu','fli','southwest','usair','disappoint','comparison'
'MuqugTuR5DdIPcZ2IVP3aQ','dvap','go','least','life','realli','neat','place','alot','histori','servic','great','appear','famili','run','food','good','better','denni','good','mimi','u','eat','beef','rib','lasagna','meat','loaf','cat','fish','chicken','mash','dice','potato','stuf','rice','homemad','appl','pie','etc','salad','bar','know','miss','bunch','stuff','get','drift','run','special','prime','rib','stuff','might','want','call','see','serv','night','go'
'LmuKVFh03Uz318VKnUWrxA','place','even','review','kind','place','want','keep'
'CQYc8hgKxV4enApDkx0IhA','first','time','friend','went','delici','food','garlic','knot','favorit','cours','wine','go','back','alot'
'Dx9sfFU6Zn0GYOckijom-g','u','go','n','check','car','u','wanna','buy','wrong','move','u','even','want','car','servic','u','made','biggest','mistak','ur','life','time','ask','girlfriend','take','car','oil','servic','guess','rip','girlfriend','lie','bad','car','without','fix','problem','might','bring','serious','accid','said','brand','new','tire','time','belt','new','brake','pad','u','know','worst','chang','month','trashi','dealer','peopl','better','go','somewher'
'cFtQnKzn2VDpBedy_TxlvA','love','place','come','age','favorit','elsa','chicken','sandwich','burger','dragon','chicken','wing','china','littl','chicken','sandwich','hot','pepper','chicken','sandwich','atmospher','alway','fun','art','display','abstract','total','cool'
'ChBeixVZerfFkeO0McdlbA','place','great','nice','littl','ole','fashion','homemad','ice','cream','place','look','like','forev','place','real','nice','vibe','sorta','remind','sugar','bowl','smaller','busi','easier','park','menu','ginorm','decid','get','matter','peopl','went','chose','want','someth','basic','insist','share','patt','thing','scoop','ice','cream','browni','top','whip','cream','caramel','good','want','next','time','go','get','scoop','ice','cream','realli','tast','ice','cream','difficult','tell','top','bunch','stuff','ice','cream','got','browni','though','butter','brittl','think','excel','ton','differ','flavor','sound','delish','anyway','wait','go','back','ever','area','need','sugar','rush'
'kZ4TzrVX6qeF0OvrVTGVEw','love','love','love','place','boss','healthi','eat','recommend','place','went','high','skeptic','friend','one','dinner','enough','convert','believ','food','good','shrimp','dumpl','onion','tart','starter','order','shirataki','noodl','street','taco','entre','also','order','kale','aid','dish','yummi','gone','back','mani','time','sinc','never','disappoint','gone','yoga','get','kale','salad','chicken','chop','salad','alway','get','kale','aid','guy','next','tabl','uproot','whole','plant','mistak','patio','high','embarrass','date','ever','sinc','care','throw','arm','around','quit','clumsi','sometim','want','ban','favorit','place','clumsi','think','live','without','true','food'
'B5h25WK28rJjx4KHm4gr7g','review','mean','much','given','depth','review','chime','nonetheless','realli','review','one','dish','lunch','special','yellow','curri','chicken','know','authent','name','kang','kare','someth','tasti','first','time','knew','never','branch','good','lunch','spot','work','around','downtown','quickest','servic','time','get','busi','lunch','alway','consist','good','fair','dim','insid','good','place','forget','sun','summer','day'
'Y_ERKao0J5WsRiCtlKSNSA','came','breakfast','yesterday','year','sinc','stop','rememb','entir','place','waiter','servic','place','empti','tuesday','morn','atmospher','casual','place','pretti','much','long','rememb','one','peopl','nativ','phoenix','alway','felt','pricey','think','inflat','caught','sinc','price','seem','normal','went','yesterday','love','chip','salsa','hot','sauc','fantast','great','spici','kick','went','recommend','chile','relleno','favorit','like','go','waiter','say','gave','tri','great','flavor','put','egg','eat','togeth','tortilla','fresh','home','made','tast','hash','brown','bean','good','read','newspap','drank','soda','enjoy','whole','place','oh','yeah','read','yelp','review','bookmark','next','stop','ha','ha'
'hre97jjSwon4bn1muHKOJg','alway','reliabl','good','great','beer','select','well','fabul','bitch','fizz','cider','etc','cocktail','pizza','outstand','healthi','menu','general','steer','clear','chain','except'
'dtpJXC5p_sdWDLSobluJ3Q','disclaim','like','mani','sucker','charm','littl','home','purpos','restaur','certain','color','opinion','cibo','said','absolut','love','lunch','day','unknow','arriv','minut','close','lunch','dinner','serv','anyway','salscicia','sandwich','side','fruit','sandwich','excel','serv','perfect','crisp','chewi','saltimbocca','bread','sausag','flavor','compliment','roast','red','pepper','onion','finish','great','qualiti','mozzarella','chees','realli','realli','delici','also','say','atmospher','friend','comfort','though','bit','small','would','great','place','hang','live','nearbi'
'S9OVpXat8k5YwWCn6FAgXg','disgust','groupon','daughter','tri','outdat','gaudi','style','interior','made','feel','like','episod','soprano','food','pretti','bad','order','pretti','simpl','dish','flavor','tri','posit','good','review','employe','owner','creat'
'-v-shjbxoj7hpU62yn6vag','never','dealt','discount','tire','phoenix','texa','servic','great','time','came','know','kind','servic','expect','pleasant','surpris','store','good','amount','park','store','front','clean','open','adequ','seat','around','perimet','alreadi','peopl','sit','wait','car','finish','peopl','wait','infront','see','repres','guy','work','busi','help','someon','yet','say','hello','us','reassur','get','us','soon','wait','unneccesari','amount','time','help','walli','inspect','tire','recommend','plan','action','gave','option','head','back','store','made','decis','replac','tire','check','stock','unfortun','call','anoth','store','pick','next','morn','could','come','back','next','day','store','get','bad','boy','instal','great','price','heafti','relief','although','good','amount','peopl','next','day','wait','car','also','servic','took','exact','amount','time','told','min','apolog','wait','need','guy','help','nd','day','sorri','forgot','name','also','profession','great','recommend','store','bring','car','futur','definit','thank','guy','tip','know','need','bring','car','make','appoint','onlin','take','walk','in','believ','help','manag','custom','easier','turn','benefit'
'2VTwjhOX3UUvgOGbxe4xfA','went','got','back','phoenix','gone','six','month','one','mom','favorit','place','eat','understand','ravioli','miso','soup','delici','wine','ok','would','recommend','one','elixir','alcohol','beverag','still','pretti','delici','place','go','phoenix'
'Bk7F8IyBuOHVp6w3BAKVow','two','way','look','place','one','get','qualiti','food','good','price','get','lot','food','cheap','price','prefer','former','prefer','latter','agre','review','thought','scrambl','okay','noth','fantast','definit','care','biscuit','food','health','conscious','look','fill','calori','get','good','size','portion','type','place','also','fan','diner','type','ambianc','would','rather','someth','charact','glad','tri','place'
'ApKbwpYJdnhhgP4NbjQw2Q','eaten','mani','time','none','bad','last','night','servic','excel','high','attent','food','absolut','horribl','expect','would','serv','steak','par','seafood','charg','buck','ribey','hope','thick','steak','cook','pittsburgh','style','order','got','thick','piec','meat','most','fat','gristl','way','resembl','pittsburgh','style','salad','similar','someth','could','get','chick','filet','veggi','blah','bread','basket','ampl','day','old','certain','fresh','addit','bad','food','cram','small','room','nut','butt','tabl','listen','convers','rang','someon','recent','bout','pinkey','anoth','coupl','elect','speak','entir','french','waiter','show','like','turn','french','switch','sudden','began','speak','english','place','go','pay','buck','dinner','morton','maestro','steak','thick','cook','perfect','half','doesnt','wind','plate','fat','gristl'
'vUuFuf4LYxfqbZH3lYxJfw','must','renov','place','last','year','spacious','airi','longer','dread','hover','tabl','get','seat','necess','remind','much','dread','panera','bread','chain','california','food','still','much','better','much','less','mass','produc','feel','tast','servic','manag','staff','etc','extrem','attent','respons','request','well','keep','place','extrem','well','clean','clear','love','carb','carb','carb','side','carb','serv','warm','syrup','pancak','yum','bread','amaz','side','pancak','plenti','big','meal','alway','consist','fluffi','tasti','offer','dark','roast','hous','roast','coffe','powderi','loveli','cinnamon','nutmeg','cocoa','top','right','today','return','land','freeway','smog','etern','sunshin','well','land','anyway','enjoy','peppermint','hot','chocol','would','high','recommend','run','frothi','good','holiday','season','end'
'gNm48xplqt42p-NvCkzUBg','clean','well','thought','floor','plan','nice','friend','staff','smile','face','best','target'
'5V9lfjjlY7tkXgkcDUWYyg','mexican','food','simpl','slight','bland','fair','fresh','chicken','chop','tofu','look','squar','satisfi','food','fair','healthi','mexican','food','mexican','food','goe','staff','quit','polit','met','cool','peopl','hang','sat','outsid'
'1fRGR6XTTElRBZW_oDrpUA','decor','function','staff','friend','realli','kind','toddler','food','rock','within','limit','rang','red','yellow','curri','much','suggest','tri','someth','els','hey','fault','good','want','risk','anyth','lesser','price','bargain','entre','spice','realli','get','request','make','hot','probabl','best','bargain','north','phoenix','spice','hound'
'2sG6LKzRz91l10stVHl8uQ','place','open','next','salon','work','amaz','hit','ground','run','deli','style','order','counter','bring','food','grayhawk','turkey','club','turkey','great','packag','crap','thick','slice','probabl','rotisseri','side','sweet','potato','tater','tot','delish','regular','fri','sweet','fri','tater','tot','onion','ring','etc','great','look','salad','chicago','style','dog','gourmet','burger','yummi','sound','mac','chees','thing','keep','star','price','great','dinner','littl','steep','work','day','lunch'
'fuY6Bf4EtW3UwrdLQJa9_Q','realli','realli','like','franc','love','cloth','never','afford','store','general','pretti','cool','lot','neat','thing','stationeri','cloth','jewelri','babi','stuff','dog','stuff','vintag','stuff','lot','stuff','quit','pricey','though','sale','everi','sorta','okay','still','break','bank','buy','anyth','overal','carri','good','qualiti','product','staff','super','friend','help','hate','place','bad','afford'
'UTWI0z7nV5zNJLWnOz9Z5A','solid','food','great','devic','casual','environ','leav','hungri','overal','realli','good'
'7uzj6rJ71toRmdsXyo2suA','son','realli','enjoy','island','great','food','casual','kid','freind','atmoshper','go','quit','lot','seem','keep','come','back'
'HXU9dbOSlByXW-dB8LmJgA','seat','bar','nice','young','man','work','bar','provid','good','convers','offer','delici','chicken','bacon','bleu','chees','amus','yum','order','pine','nut','pesto','pizza','wad','deliv','chef','crust','perfect','thick','enough','structur','substanc','thin','enough','hide','behind','flavor','tomato','pine','nut','pesto','chees','also','right','delici','also','chicken','panini','fantast','bread','bit','hard','think','busi','talk','let','sit','long','definit','recommend','l','academi','area','scottsdal'
'1FvrC35rTJ6BWFvRog7tuA','everyth','nice','ice','cream','delici','overwhelm','alcohol','tast','interest','varieti','flavor','servic','fine','place','clean','go','back','killer','sweet','tooth','neighborhood'
'Ckk1Cne1GHwzmJfo7M4r2w','un','fortun','lux','close','hous','walk','near','everi','day','much','poorer','coffe','pastri','amaz','alway','play','realli','great','music'
'bu9S6tFKuTrMcNxQaQYMQA','watch','win','cupcak','war','determin','find','place','well','hidden','sampl','cupcak','say','impress','make','better','cupcak','creativ','sweet','go','diabet','coma','california','blt','well','good','sandwich','although','bread','littl','toast','like','staff','friend','ambianc','pleasant','clean','cupcak','realli','sorri'
'V75NCU3EhqTDwPj5In94DQ','good','easi','leisur','busi','lunch','outing','girl','market','downstair','great','takeout','great','select','bakeri','treat'
'GxaYFCprt-wyqO--vB4PHQ','last','review','somewhat','scath','regard','burger','got','invit','manag','come','meet','chef','give','anoth','tri','thought','nice','read','review','concern','qualiti','product','think','admir','take','offer','feel','would','appropri','interest','yelp','review','benefit','read','review','other','want','share','thought','feel','look','freebi','anyway','last','friday','seem','like','good','day','walk','lgo','see','shakin','grab','growler','jug','still','best','deal','around','wife','call','friend','join','us','beer','walk','corner','even','bit','warm','side','quiet','normal','buzz','busy','corner','alway','kinda','crazi','like','sit','patio','watch','manic','driver','race','around','tri','find','park','went','store','wife','order','grill','fish','sandwich','nervous','order','cheeseburg','fri','place','order','get','warn','need','around','pick','mosey','bar','get','jug','fill','stella','mention','awesom','deal','got','glass','head','patio','soon','afterward','call','name','got','grub','wife','fish','sandwich','consum','muffl','oooh','ahhhh','rave','perfect','textur','grill','flavor','delici','fresh','multi','grain','bread','also','rave','slaw','came','think','like','sandwich','burger','hand','still','disappoint','order','medium','rare','way','order','burger','kudo','woman','warn','undercook','meat','awar','realli','ask','chees','put','hamburg','bun','came','open','face','pile','coarsli','shred','mild','cheddar','chees','appropri','veggi','lettuc','pickl','tomato','red','onion','slice','special','sauc','pile','limp','matchstick','fri','side','big','pile','food','portion','impress','end','burger','overcook','pile','shred','chees','bit','put','impress','give','em','big','pile','cold','shred','chees','work','chees','need','melt','good','burger','chees','melt','least','lot','chees','fun','overpow','rest','flavor','tend','cool','burger','quick','scrape','two','third','chees','enough','make','chees','crisp','tortilla','put','burger','togeth','flavor','ad','salt','pepper','flavor','littl','better','burger','cook','med','well','still','juici','veggi','fresh','crispi','side','mayo','dip','fri','requir','like','fri','belgian','style','bun','littl','dri','edg','stale','bad','enough','could','eat','still','overal','stand','origin','review','burger','realiz','lgo','tri','stand','differ','present','applaud','effort','think','need','bit','work','stand','time','everybodi','burger','fri','sub','par','limp','forgett','ambianc','howev','bring','us','back','sit','corner','patio','sip','beer','great','convers','watch','show','around','great','way','wind','warm','friday','night','lgo','keep','work','burger','keep','come','think','stick','wing'
'RZZ9Tf5GWYwrcjg-ACiKmQ','cliff','note','cheap','plate','fast','readi','go','conveyor','accept','qualiti','week','gotten','sick','lol','place','definit','good','budget','friend','sushi','place','great','quick','bite','respons','lower','rate','review','state','food','okay','best','authent','blah','blah','blah','well','think','like','wal','mart','vs','inserthighendretailerher','place','busi','model','base','sell','larg','volum','henc','low','price','like','wal','mart','gonna','reduc','cost','somehow','qualiti','food','attent','staff','slight','smaller','averag','portion','still','solid','bang','buck','kinda','place','top','quick','sinc','everyth','alreadi','prepar','perfect','quick','min','lunch','break','requir','grab','conveyor','depend','whether','item','want','conveyor','time','never','issu','seat','make','point','go','peak','hour','usual','go','small','parti','peopl','claim','left','fend','due','inattent','staff','sushi','relat','inquiri','answer','thing','call','menu','sit','counter','see','miracul','piec','technolog','contain','thing','refer','descript','help','inform','sushi','go','round','round','furthermor','even','price','guid','base','color','code','plate','assist','wow','lol','wtf','peopl','expect','plate','sushi','someon','hold','hand','lololololololol','diaf','cherri','top','larg','japanes','beer','sake','bomb','hell','yeah'
'Bmt1QRDT0GfyXkhOvj_BfQ','fred','pretti','much','said','would','say','beat','dead','hors','add','though','offer','wide','varieti','deep','fri','quesadilla','catch','deep','fri','quesadilla'
'V4hBluqV-xbgzk7Y6y9kzw','idea','whether','japanes','communiti','part','town','new','tokyo','would','suit','one','well','rather','small','wide','select','japanes','snack','beverag','includ','new','fave','beer','asahi','black','refriger','item','stapl','etc','asian','market','specif','japanes','expect','crossov','item','like','kimchi','said','sometim','good','special','let','carri','varieti','japanes','product','cashier','friend','final','stop','load','basket','long','enough','check','like','first','review','load','snack','hotel','room','along','six','pack','asahi','black','cours','oh','one','import','factor','price','quit','reason','line','ethnic','market','import','mayb','even','bit','cheaper','usual'
'hHwQaL3QN2xgTBSCQ26wIA','got','pass','preview','mission','imposs','ghost','protocol','enjoy','movi','lot','theater','fine','chair','move','rais','arm','rest','rock','reclin','grant','theater','seat','move','lot','move','otherwis','seat','reason','comfort','screen','imax','e','huge','sound','reason','good','could','put','littl','slope','auditorium','seat','imax','theater','seem','head','peopl','front','never','block','portion','screen','found','slight','bottom','screen','bad','given','imax','experi','notic'
'GOconNmWgg6cJbgwSwrozw','alright','away','yelp','quit','time','feel','place','fit','comeback','review','chicken','waffl','yes','chicken','fin','waffl','ghetto','check','sweet','tea','check','nonsens','quick','servic','check','ridicul','long','wait','check','best','thing','eaten','last','year','check','say','best','fri','chicken','ever','pretti','damn','good','could','use','season','waffl','probabl','best','ever','waffl','delici','soft','insid','littl','crispi','wonder','cinammo','seat','cramp','matter','soon','food','deliv','tabl','goe','quiet','get','tunnel','vision','first','bite','taken','away','orgi','good','phoenix','requir','come','real','earli','prepar','wait','forget','order','red','velvet','cake','kool','aid','fit','fanci','even','came','home','arizona','stop','talk','lolo','like','week','shoot','two','month','later','still','drool','think'
'6jRs2P6zTYMn36fVnCu1Zw','continu','quest','identifi','cool','local','own','place','eat','drink','carolin','audit','vintag','last','night','go','understand','whenev','go','eat','drink','mind','platon','ideal','bar','pub','eateri','want','frequent','constant','quest','find','ideal','express','real','life','vintag','quit','damn','close','ever','give','someth','five','star','know','peg','platon','ideal','anyway','plan','last','night','drink','plan','food','adult','beverag','warm','convers','turn','locat','downtown','chandler','terrif','us','owner','creat','fine','visual','experi','leather','stone','dark','wood','good','light','music','turn','loud','cannot','convers','one','pet','peev','want','stare','peopl','move','mouth','endur','aural','assault','stand','deck','aircraft','carrier','go','friend','want','enjoy','compani','convers','concept','difficult','grasp','rant','atmospher','vintag','close','ideal','go','back','sit','leather','couch','front','fireplac','go','back','anoth','time','sit','leather','stool','bar','go','back','fourteen','time','sit','patio','serious','go','check','patio','exact','patio','hangout','bar','exact','carolin','told','hostess','drink','seat','bar','area','fabul','leather','club','chair','initm','look','intim','speak','bar','even','though','v','advertis','wine','bar','booz','much','wine','drinker','pleas','see','carri','pretti','good','select','singl','malt','scotch','overwhelm','select','well','beyond','normal','glenfiddich','glenlivit','glenmorangi','trio','place','limit','coupl','drum','ardbeg','one','new','favorit','reason','price','retail','scotch','never','reason','price','restaur','celebr','care','carolin','normal','vodka','martini','extra','dirti','extra','cold','judg','perfect','dirti','wonder','love','perfect','amount','oliv','cold','limit','happi','hour','menu','interest','choic','settl','bruschetta','smoke','tomato','bisqu','bruschetta','nice','quit','unusu','get','select','four','eight','choic','bruschetta','platter','pick','white','bean','pancetta','gravlax','caper','goat','chees','pickl','onion','fig','chutney','ricotta','prosciutto','brie','pear','onion','jam','serv','cold','nice','size','portion','flavor','nice','balanc','interest','carolin','would','prefer','bread','crispi','realli','like','tomato','bisqu','creami','smoki','well','balanc','flavor','carolin','said','uniqu','say','darn','delici','thing','drink','appet','turn','food','friend','told','us','tri','vintag','burger','came','serv','mixtur','regular','sweet','potato','fri','nice','cook','nice','season','recommend','burger','tasti','obvious','use','good','beef','bun','fresh','fixin','tasti','high','recommend','dime','dollar','right','order','dessert','dessert','menu','short','okay','long','well','chocol','tort','hazelnut','gelato','appl','pie','carmel','sauc','creme','fraich','gelato','someth','els','rememb','allerg','hazelnut','like','sweet','dessert','decid','tri','appl','pie','like','everyth','els','sampl','appl','pie','unusu','find','anywher','els','serv','fresh','bake','puff','pastri','cube','appl','serv','top','insid','tender','mushi','lot','cinnamon','sugar','plate','swirl','salt','dolc','la','lech','tasti','instead','expect','creme','fraich','gelato','serv','hazelnut','gelato','realiz','hazelnut','coupl','bite','throat','start','swell','point','night','could','turn','disast','credit','told','waiter','told','manag','gavin','one','owner','immedi','came','ask','need','emerg','assist','allerg','frank','respons','exact','kind','custom','servic','want','see','anyon','make','mistak','harm','foul','must','give','big','kudo','gavin','kind','attent','detail','outstand','custom','servic','defint','back','strong','recommend','put','list'
'VyX6x7wnThr9g9Z6VBDIgA','add','andrew','review','believ','thing','happen','yes','app','good','entre','good','bite','bread','chicken','panini','definit','would','better','chicken','girl','work','one','worst','waitress','bartend','hostess','ever','walk','even','sit','us','stood','forev','wait','final','told','us','seat','went','outsid','sinc','noth','left','insid','hot','outsid','came','back','figur','sit','bar','luckili','nice','guy','notic','us','look','around','let','us','sit','end','tabl','move','apart','sinc','whole','parti','show','dinner','excit','saw','cider','menu','one','two','like','wyder','pear','cider','strongbow','order','wyder','finish','ask','anoth','said','okay','order','strongbow','came','back','pour','glass','took','drink','disgust','boddington','final','got','attent','away','flirt','man','sit','bar','ask','correct','drink','told','strongbow','drink','restaur','stock','right','across','bevmo','god','sake','order','food','order','app','order','entre','walk','away','even','get','order','figur','probabl','best','split','app','entre','eat','less','stupid','waitress','lose','money','way','whatev','brought','food','bring','correct','thing','hard','rememb','mayb','tabl','take','care','mayb','stop','text','behind','bar','cell','phone','stop','convers','guy','bar','mayb','could','done','job','littl','better'
'IRGqHYbK5AOEv5MNYMz7cQ','would','certain','coffe','shop','alreadi','establish','regular','anoth','local','shop','brand','new','independ','coffe','shop','spent','money','look','realli','nice','even','fountain','insid','money','buy','communiti','unfortun','shop','seem','much','grant','build','communiti','take','time','energi','sake','realli','realli','hope','work','long','run'
'9CXNIZTV9uStuNbvvFS8uw','matter','order','know','tasti','maizi','lot','choos','littl','overwhelm','love','wait','staff','everyon','alway','friend','maizi','feel','like','neighborhood','hang'
'nzSOTOZiAb1ITqbRgWKnnQ','restaur','incred','best','pasta','carbonara','best','tiramisu','life','food','wonder','though','calamari','fri','bread','serv','dinner','come','right','oven','tomato','freshest','tast','outsid','mom','garden','great','attent','detail','longer','eat','italian','restaur','without','feel','slight','first','place','want','take','town','visitor','look','impress','owner','jon','help','friend','realli','care','provid','posit','dine','experi','spot','wine','recommend','organ','wine','tast','event','find','join','mail','list','facebook','page'
'9BJJwIciVG-JPlXetInbXw','one','spot','cowork','go','lunch','usual','tri','get','weekday','beat','rush','corpor','place','near','metrocent','deli','sandwich','good','usual','stick','get','ami','turkey','plan','substitut','side','make','sure','tell','cashier','normal','ask','stuck','chip','salad','bar','decent','price','forget','get','ice','cream','way'
'DJVxOfj2Rw9zklC9tU3i1w','alway','fan','burlington','deal','howev','shop','one','went','return','belt','pretti','simpl','instead','stood','custom','servic','line','minut','thank','employe','burlington','buy','put','thing','layaway','took','three','staff','help','word','said','except','hold','piss','ladi','final','done','employe','servic','ask','want','serious','help','need','work','area','custom','servic','think'
'J2Ig5cV9fJU-KGewdzQXOA','could','give','star','atmospher','star','food','would','hype','get','margaritavill','guess','expect','littl','way','margarita','cheeseburg','underwhelm','get','much','better','burger','next','door','yardhous','much','better','select','margarita','salti','senorita','asid','place','quit','spectacl','stori','stage','fish','boat','booth','everi','piec','decor','parrothead','could','love','tv','broadcast','jimmi','rock','odd','montag','parrothead','outing','live','music','offer','sever','night','week','offer','bar','area','defiant','becom','part','regular','rotat','time','time','might','wonder','look','lost','shaker','salt'
'rghv_qgXpluzDE9qn8CNrw','romant','even','friend','waitress','kneel','couch','speak','pour','wine','bring','check','love','star','respect','waitress','friend','cloud','whole','ambienc','made','even','nice','love','dark','exot','relax','especi','cove','differ','area','seat','appar','put','name','want','tabl','certain','seem','pack','anytim','need','one','bar','stool','reserv','waiter','actual','went','storag','get','us','one','impress'
'GXj4PNAi095-q9ynPYH3kg','anoth','night','meet','friend','laugh','wait','anoth','minut','beer','refil','bar','girl','even','took','empti','without','even','ask','want','refil','new','brunett','girl','recogn','left','bar','sat','guy','friend','custom','side','friday','night','anoth','bartend','ask','come','back','work','manag','pull','head','ass','sad','watch','need','talk','friend','anoth','place'
'LN4l4wklQB0IVBjm-vq9TA','busi','took','near','min','get','meal','order','trout','shock','see','lot','lot','bone','hmmmmm','well','ask','waitress','said','tri','best','hmmmmmm','fish','restaur','comp','trout','still','sure','would','go','back'
'L_q9kLaGo33j2Ij8yUIGDw','incred','church','embrac','principl','christ','life','church','exist','bring','peopl','life','chang','relationship','jesus','christ','three','campus','allow','christ','life','reach','sever','locat','onlin','temp','casa','grand','wonder','children','youth','program','appeal','wide','perspect','peopl'
'dY_p1YkjZxJmREb9Lfc5vw','favorit','breakfast','place','food','good','best','biscuit','gravi','restaur','eaten','wait','staff','friend','complaint','sunday','morn','pack','wait','seat'
'mTcLzmYunqJIGKgklFWICg','best','sweet','sour','soup','ever','food','delici','favor','deliveri','pretti','good','nice','peopl'
'-_hed9F2kUDdb4oa1CXKIA','look','sever','invit','websit','along','catalog','luck','find','right','balanc','wed','color','design','thoma','alphagraph','help','everi','step','way','design','print','wed','invit','program','knew','want','booklet','style','need','littl','design','creativ','alphagraph','nail','high','recommend','alphagraph','anyon','need','print','work','done','wed','invit','thoma','crew','stellar'
'xNvNTC2iXwJiiujNK6Sphg','everi','vietnames','side','crave','pho','surpris','noodl','ranch','local','pho','joint','liter','walk','place','okay','pho','tai','great','got','combin','good','love','decor','lot','lot','old','photo','vietnam','servic','alway','good','busi','slow','need','pho','fix','would','definit','recommend','place'
'jNewOjPp56NMDrKlajrgFQ','yike','read','review','realiz','bad','experi','uniqu','server','make','laid','back','custom','like','pretti','much','everyth','eat','requir','lot','attent','waiter','la','piccola','cucina','would','benefit','one','extra','person','front','hous','guy','though','ador','friend','busi','refil','drink','rememb','bring','appet','though','charg','us','ahi','tuna','high','recommend','fish','option','said','overcook','color','consist','chicken','like','review','mention','frantic','made','clear','everi','custom','one','point','even','saw','kitchen','cook','need','anoth','person','left','super','stress','experi','unusu','either','bad','servic','bad','food'
'WONOXuKoiT2hkKITvTfC0g','typic','buffalo','exchang','other','san','francisco','san','diego','pretti','much','yes','super','picki','brand','name','whore','buy','mean','realli','great','item','much','smaller','price','tag','gotten','dress','peopl','alway','compliment','thing','bought','implus','thought','great','buy','wore','build','one','locat','leav','lot','desir','good','buy','insid','walk','away','great','pair','skinni','jean','cute','top','super','comfi','dress'
'IC2EAv_PGx44FnTvfAs_FA','though','perhap','place','may','pick','special','brunch','champagn','chocol','brioch','french','toast','signatur','breakfast','sofitel','philadelphia','good','egg','choic','neighborhood','breakfast','offer','consist','servic','food','comfort','atmospher','matter','busi','restaur','becom','sunday','pack','staff','alway','friend','welcom','may','wait','tabl','wait','never','excess','coffe','trolley','help','wait','even','remark','even','busiest','read','mother','father','day','servic','speedi','attent','kitchen','never','seem','slow','someon','know','run','restaur','menu','contain','larg','assort','usual','breakfast','fare','egg','pancak','french','toast','etc','well','prepar','tasti','addit','good','number','health','conscious','offer','even','less','healthi','dish','request','made','egg','white','egg','beater','non','starch','substitut','cottag','chees','fruit','tomato','etc','favorit','includ','hey','ricki','omelet','huevo','ranchero','indulg','one','huge','singular','buckwheat','pancak','choic','fill','chocol','chip','admit','addict','pecan','banana','alway','opt','patio','even','scorch','summer','heat','mister','make','great','outdoor','picnic','best','peopl','watch','phoenix','time','feel','like','part','famili','frequent','dinner','program','offer','even','incent','return'
'SWdrx60taMa442b1enwfCw','absolut','love','littl','spot','great','littl','known','boutiqu','incred','uniqu','gift','item','drive','clear','scottsdal','find','shop','vignett','year','whenev','quandari','get','someon','first','place','head','most','wide','rang','specialti','item','hand','whether','someth','garden','gift','new','bride','babi','uniqu','piec','art','heaven','scent','candl','disappoint','owner','staff','super','friend','alway','will','help','find','someth','within','price','rang','base','occas','need','amaz','wrap','job','make','gift','give','even','easier','final','bonus','annual','clearanc','sale','three','day','year','basic','blow','stock','make','way','new','find','ask','put','mail','list','ensur','head','get','earli','long','time','custom','like','never','miss'
'UxzU0E5eM_ZgIMus-wpS8g','great','southwestern','restaur','food','incred','especi','stack','enchilada','normal','eat','heavi','food','way','good','pass','chip','salsa','tasti','well','servic','friend','time','interior','pedestrian','best','still','pleasant','environ'
'QqUj8brMiWkMicmlWtpPrw','went','back','ab','weekend','ago','brunch','larg','group','surpris','see','although','advertis','brunch','place','weekend','pare','menu','basic','item','peopl','invit','never','ab','expect','varieti','brunch','item','sinc','told','great','brunch','concern','quell','bloodi','mari','good','divers','food','egg','sandwich','san','bacon','excel','sweet','pea','split','french','toast','well','small','sampl','french','toast','open','realiz','come','whole','jar','cream','berri','addit','syrup','come','brunch','like','french','toast','tri','best','french','toast','ever','mani','tabl','agre','secret','bread','cornflak','yum','bloodi','mari','excel','rang','say','phenomen','one','dick','rokerij','servic','also','friend','quick'
'gLHPqclZG51HH9EGzOFjxQ','great','price','great','food','staff','friend','definit','come','back','lunch','regular','basi','kung','pao','portion','incred','paid','mind','blow','better','chines','place','valley'
'ZXp8gEhfE7BHgRYIgnd3gQ','came','larg','group','back','eat','beer','concert','weekday','made','happi','hour','happi','hour','price','fair','food','pretti','good','best','thing','beer','like','everyth','tap','mmmm'
'odua8qFSMEXSFYmElQTspQ','first','year','particip','arizona','sell','cloth','wander','busi','goona','littl','worri','one','repli'
'vwHmBJ5YKbZxNFtmP2KpRQ','vibe','exud','place','pure','awesom','reminisc','trendi','hipster','coffe','joint','actual','casual','vegan','restaur','pescatarian','unless','eat','seafood','steer','clear','meat','even','mock','kind','usual','howev','delici','tri','green','thought','menu','style','comfort','food','know','tradit','heavi','meat','sauc','fat','content','least','go','bad','organ','pure','ingredi','want','sampl','much','menu','possibl','love','friend','fianc','share','item','artichok','gratin','corn','chip','amaz','light','salt','crisp','dip','bit','garlicki','runni','like','ate','bite','could','see','eat','entir','thing','solo','spici','buffalo','wing','first','thing','first','let','look','dismay','true','look','gross','tast','legit','flavor','buffalo','sauc','perfect','although','could','spicier','cucumb','ranch','dip','sauc','perfect','creami','light','flavor','overpow','wing','dish','must','tri','vegan','chili','fri','fri','thin','cut','tasti','chili','sauc','good','first','quick','got','sick','flavor','could','never','huge','chili','fan','even','back','ate','meat','hmm','think','better','order','thyme','fri','crab','puff','perfect','crisp','delici','creami','fill','anoth','must','tri','last','friend','fianc','order','day','special','green','chili','burrito','delici','huge','bit','much','rice','besid','great','option','came','side','order','curri','pasta','salad','mmm','green','serv','bowl','sandwich','pizza','salad','next','time','back','area','check','menu','crave','meat','usual','tofu','seafood','veggi','diet','might','add','servic','friend','perfect','place','casual','friend','date'
'BslISEau8Pk2voEPN7kY-g','rokerij','worth','hype','pop','last','week','late','bite','left','super','happi','score','seat','bar','place','super','crowd','good','sign','wednesday','start','beer','call','banana','bread','awesom','wifey','glass','wine','rememb','decid','wnate','end','split','entre','blacken','salmon','appl','chipotl','chutney','potato','also','got','three','small','plate','mini','reuben','crispi','calamari','cilantro','rub','grill','shrimp','food','awesom','salmon','cook','perfect','although','think','would','like','chutney','side','small','fri','calamari','cook','perfect','shrimp','awesom','although','bed','rice','came','meh','mini','reuben','great','well','super','excit','tri','deliv','wait','go','back'
'xE2MKvzes5Twg-jfAe8s4Q','beer','yoga','locat','small','center','east','four','peak','breweri','temp','reason','distanc','light','rail','apach','amaz','classi','studio','mind','bodi','connect','mr','mustachio','decid','coupl','yoga','class','asu','gym','love','stretch','pursu','class','semest','asu','spring','pleasur','practic','tish','hegel','see','bodi','transform','bodi','fat','jean','get','big','fill','american','apparel','brief','nice','super','jealous','rave','teacher','could','tell','de','stress','lot','sinc','start','practic','luckili','open','studio','recent','simpli','goreg','wait','area','fill','yoga','materi','calm','space','remodel','bathroom','dress','room','chang','come','work','school','cheesi','like','southwest','inst','way','mani','angel','imageri','creepi','gem','truli','practic','space','hardwood','floor','high','ceil','beauti','staircas','tast','decor','absolut','mirror','right','person','stare','pudg','roll','teacher','ever','focus','tree','postur','entir','class','realli','reliev','lot','stress','help','concentr','postur','feel','oppos','look','tish','hegel','simpli','outstand','mani','credenti','read','biographi','practic','loooong','time','hand','instruct','confid','voic','echo','ear','even','bring','shoulder','far','done','ashtanga','inspir','flow','pretti','intens','realli','hurt','day','would','recommend','get','yoga','sivananda','ditto','focus','class','lot','bike','ride','focus','everybodi','bodi','issu','sequenc','right','us','lower','back','knee','felt','amaz','day','morn','brought','friend','kinet','yoga','morn','movement','flow','kick','ass','littl','bit','felt','amaz','afterward','ton','modif','alway','make','sure','okay','super','person','huge','packag','sinc','renew','asu','gym','membership','summer','drop','clich','yoga','review','end','namast'
'bxPZPvBJp5HwyKVHhcUMLQ','great','hotel','central','phoenix','stay','cation','necessarili','place','stay','town','without','car','much','around','area','unless','familiar','downtown','would','rather','guest','stay','old','town','scottsdal','etc','stay','awesom','great','boutiqu','room','awesom','pool','happen','summer','great','rooftop','patio','bar','busi','lobbi','gallo','blanco','attach','great','place','stay','car'
'EUCqs_gfKZi1YoKVkWjSYw','realli','believ','place','receiv','high','review','peopl','ladi','walk','greet','rather','rude','pretenti','bitch','front','monoton','name','pleas','instead','warm','friend','french','welcom','rather','charm','look','place','reserv','look','dead','empti','place','seem','like','problem','hostess','whisk','reserv','list','explain','tri','fit','us','pm','place','one','coupl','dine','inform','next','parti','arriv','realli','look','hang','would','aw','love','yelper','would','inform','need','make','reserv','go','automat','piec','shit','accord','staff','sorri','plan','much','ahead','next','time','anyway','debat','minut','two','hostess','decid','could','squeez','sat','us','right','top','coupl','insid','restaur','inform','us','could','cork','wine','low','low','price','fuck','dollar','word','offic','space','could','adequ','describ','coup','des','tart','exact','food','good','noth','spectacular','plate','got','salad','appl','nut','bleu','chees','serv','warm','first','warm','salad','life','mean','sort','word','food','expert','believ','salad','cold','crisp','soggi','warm','yuck','cordon','bleu','tasti','fill','howev','wobbl','tabl','extrem','annoy','cut','chicken','solv','thank','staff','place','jack','box','gift','card','leg','admit','mash','potato','creamiest','best','ever','ladi','got','pork','tenderloin','strang','pepperi','sweet','pair','particular','care','broke','desert','unfortun','get','tri','tart','would','think','place','promot','pois','would','get','fancier','menus','piec','cardstock','copi','bulk','kinko','place','rather','disappoint','honest','thought','would','way','comfi','welcom','insid','realli','present','high','class','french','oh','la','la','wee','wee','come','still','locat','tini','shack','hous','th','street','highland','mayb','locat','biltmor','give','bit','cred'
'1RSEAeAWilUywt1B3SAkSA','great','place','meal','famili','littl','loud','side','caus','ita','alway','busi','place','recomend','call','ahead','get','name','put','wait','list','reserv','parti','six','price','rang','moder','well','worth'
'pyCM8bH0z8fp6cWg6f2hKQ','figur','time','write','review','go','quit','year','dinner','special','occas','best','seafood','bone','fillet','around','first','understand','cut','top','qualiti','order','almost','steak','menus','dazzl','flavor','fantast','point','ad','anyth','would','destroy','integr','tast','mean','meat','perfect','plate','need','explain','friend','even','signific','must','start','seafood','tower','order','mani','differ','way','match','appetit','like','present','tabl','guest','blown','away','qualiti','seafood','right','brought','fresh','daili','side','awesom','tast','qualiti','suggest','lobster','mash','maestro','mash','potato','neither','leav','hungri','right','often','want','wine','select','great','atmospher','top','notch','top','best','server','town','make','one','favorit','entertain','disappoint'
'WD99RuBcxqvYRCFTf_mT3A','abl','play','front','wrist','hurt','much','finish','big','deal','live','il','return','la','stop','specif','play','tpc','oh','well','singl','got','pair','anoth','cours','pretti','open','took','time','enjoy','round','front','nine','although','rare','shown','tv','quit','nice','definit','challeng','enough','even','play','back','tee','fair','easi','get','bar','pretti','good','food','clubhous','staff','help','definit','recommend','tpc'
'aRcp0rlSuAiuF-CDDZx9nQ','describ','amaz','gourmet','adult','hot','pocket','tast','liter','melt','mouth','favorit','cajun','chicken','dill','salmon','stilton','steak','bon','appetit','everyon','forget','day','everyday','car','bomb','beat','price','happi','hour','amaz'
'VqNdpXrssjJrC0Z_swPUdA','realli','excit','event','mayb','expect','high','realli','underwhelm','littl','shade','ran','water','time','got','pm','oblig','vendor','food','time','ate','way','everyon','els','alreadi','buck','think','mention','person','charg','patron','invalid','kept','tell','happi','chef','well','consum','big','guy','sorri','devour','wish','could','better','food','tri','pretti','good'
'6iEP6dvHIefVMMnjeDRNcQ','beach','paradis','ixtapa','zihuatenejo','await','us','unfortun','connect','flight','arizona','place','long','stori','short','luggag','arriv','final','destin','various','articl','cloth','still','miss','well','cell','phone','charger','mention','secur','forc','us','open','seal','contain','son','babi','food','milk','litmus','test','look','bright','side','least','get','deport'
'CxVOhu043DTW4zPTsQnJPA','portlandia','hipster','decor','premium','coffe','roast','hous','middl','desert','less','would','thunk','barista','profesh','friend','even','warm','pastri','upon','request','perfect','foam','milk','fruiti','note','espresso','hope','place','long','life','scottsdal','great','coffe','far'
'ZbSLbPWeDfSL1HxyiSRqEg','littl','hockey','dive','bar','locat','arcadia','area','tv','screen','hang','bar','look','behind','bar','see','hockey','rink','player','enternain','review','said','dunkel','hefeweisen','girlfriend','corona','good','time','group','kid','play','rock','band','sang','key','nirvana','cover','like','littl','hidden','place','prepar','averag','littl','bar','averag','joe','guy'
'pMm0qHdnBWd_PWGyYEOnWg','love','place','actual','today','awesom','usual','offer','express','dozen','drive','thru','kid','want','go','dude','behind','speaker','actual','fulfil','order','want','thing','bug','hell','charg','donut','get','long','john'
'E6-DKEktgxA_fLEnfguAwA','grew','empanada','panama','hard','press','find','anyth','close','u','today','found','perfect','crunchi','crust','beef','beauti','spice','usual','empanada','bland','soggi','great','job','usual','like','rice','rice','black','bean','wonder','servic','great','back'
'i5Ms8r5AMRa-wcU5-necFA','awesom','sub','clean','friend','well','price'
'Y8GAudCnbK-05qkFzLsv0Q','dinner','brunch','day','dinner','good','although','thought','mandala','masala','could','use','flavor','brunch','great','tri','differ','tofu','scrambl','good','servic','let','say','uninterest','hard','burden','angst','chipper'
'cALYebKb5hygdKHqlQJu2Q','interest','place','go','think','classi'
'SawdMXLYD5ytRmMFvY4nmA','love','chic','nail','use','go','tip','toe','th','street','ray','road','one','day','busi','take','friend','pedicur','discov','chic','nail','manicur','pedicur','sinc','staff','extrem','friend','give','best','pedicur','reason','price','high','recommend','nail','salon','p','extrem','close','ck','bar','grill','go','happi','hour'
'j-jMQdELr6AFkCcEHxB7ww','padr','spring','train','game','reserv','charli','scottsdal','none','us','came','high','recommend','dad','soon','walk','charli','eye','start','feast','sign','basebal','left','wall','everywher','look','floor','ceil','even','ceil','cover','memorabilia','autograph','item','athlet','sport','celebr','besid','amaz','assort','sport','artifact','especi','like','cactus','leagu','beer','list','pair','beer','citi','team','cactus','leagu','colorado','coor','light','texa','shiner','bock','chicago','old','style','san','diego','stone','ipa','etc','also','worth','mention','complimentari','chop','liver','platter','rye','bread','bagel','chip','bring','soon','seat','rib','coconut','shrimp','combo','great','thrill','side','dish','potato','au','gratin','upcharg','also','bring','huge','bowl','cole','slaw','entr','choos','soup','come','smaller','bowl','cole','slaw','full','dessert','walk','place','pack','found','tri','take','much','memorabilia','possibl','one','side','crowd','lobbi','sat','willi','may','sign','book','basebal','charit','donat','foundat','needless','say','bring','home','memorabilia'
